Action,Time,Note
Clock In,2024-09-18 02:17:08,writing document
Clock Out,2024-09-18 02:33:20,writing document
Clock In,2024-09-18 14:18:45,analyzing current template system
Clock Out,2024-09-18 15:34:17,analyzing current template system
Clock In,2024-09-18 15:52:53,testing points ui cert
Clock Out,2024-09-18 16:39:16,testing points ui cert
Clock In,2024-09-18 16:41:10,testing points ui cert
Clock Out,2024-09-18 17:30:09,testing points ui cert
Clock In,2024-09-18 18:16:40,server config analysis
Clock Out,2024-09-18 20:07:57,server config analysis
Clock In,2024-09-18 21:40:44,
Clock Out,2024-09-18 22:05:57,server config analysis
